custom_parameters,custom_values,rfd_denovo_parameters,rfd_denovo_values,rfd_foldcond_parameters,rfd_foldcond_values,rfd_motifscaff_parameters,rfd_motifscaff_values,rfd_partialdiff_parameters,rfd_partialdiff_values,bindcraft_denovo_parameters,bindcraft_denovo_values,boltzgen_denovo_parameters,boltzgen_denovo_values,boltzgen_redesign_parameters,boltzgen_redesign_values
design_mode,,design_mode,rfd_denovo,design_mode,rfd_foldcond,design_mode,rfd_motifscaff,design_mode,rfd_partialdiff,design_mode,bindcraft_denovo,design_mode,boltzgen_denovo,design_mode,boltzgen_redesign
num_designs,8,num_designs,8,num_designs,,num_designs,,num_designs,,num_designs,,num_designs,,num_designs,
seqs_per_design,8,seqs_per_design,8,seqs_per_design,,seqs_per_design,,seqs_per_design,,seqs_per_design,,seqs_per_design,,seqs_per_design,
out_dir,${projectDir}/pdj_results,out_dir,${projectDir}/pdj_rfd_denovo,out_dir,${projectDir}/pdj_rfd_foldcond,out_dir,${projectDir}/pdj_rfd_motifscaff,out_dir,${projectDir}/pdj_rfd_partialdiff,out_dir,${projectDir}/pdj_bindcraft_denovo,out_dir,${projectDir}/pdj_boltzgen_denovo,out_dir,${projectDir}/pdj_boltzgen_redesign
design_length,null,design_length,60-80,,,,,,,design_length,60-100,design_length,60-100,,
input_pdb,null,input_pdb,${projectDir}/benchmarkdata/5o45_pd-l1.pdb,input_pdb,${projectDir}/benchmarkdata/5o45_pd-l1.pdb,input_pdb,${projectDir}/lib/examplebinder.pdb,input_pdb,${projectDir}/lib/examplebinder.pdb,input_pdb,${projectDir}/benchmarkdata/5o45_pd-l1.pdb,input_pdb,${projectDir}/benchmarkdata/5o45_pd-l1.pdb,input_pdb,${projectDir}/lib/examplebinder.pdb
hotspot_residues,null,hotspot_residues,"A56,A115,A123",hotspot_residues,"A56,A115,A123",,,,,hotspot_residues,,hotspot_residues,,,
rfd_contigs,null,rfd_contigs,,,,rfd_contigs,[5-10/A1-88/10-20/0 B89-203],rfd_contigs,,,,,,,
rfd_scaffold_dir,null,,,rfd_scaffold_dir,${projectDir}/binderscaffolds/scaffolds_assorted,,,,,,,,,,
rfd_mask_loops,TRUE,,,rfd_mask_loops,FALSE,,,,,,,,,,
rfd_inpaint_seq,null,,,,,rfd_inpaint_seq,[A17-19/A129-131],,,,,,,,
rfd_length,null,,,,,rfd_length,110-110,,,,,,,,
rfd_partial_diffusion_timesteps,null,,,,,,,rfd_partial_diffusion_timesteps,20,,,,,,
seq_method,mpnn,seq_method,,seq_method,,seq_method,,seq_method,,seq_method,,seq_method,,seq_method,
pred_method,af2,pred_method,,pred_method,,pred_method,,pred_method,,pred_method,,pred_method,,pred_method,
zip_pdbs,TRUE,zip_pdbs,,zip_pdbs,,zip_pdbs,,zip_pdbs,,zip_pdbs,,zip_pdbs,,zip_pdbs,
rank_designs,TRUE,rank_designs,,rank_designs,,rank_designs,,rank_designs,,rank_designs,,rank_designs,,rank_designs,
ranking_metric,null,ranking_metric,,ranking_metric,,ranking_metric,,ranking_metric,,ranking_metric,,ranking_metric,,ranking_metric,
max_designs,null,max_designs,,max_designs,,max_designs,,max_designs,,max_designs,,max_designs,,max_designs,
max_seqs_per_fold,null,max_seqs_per_fold,,max_seqs_per_fold,,max_seqs_per_fold,,max_seqs_per_fold,,max_seqs_per_fold,,max_seqs_per_fold,,max_seqs_per_fold,
run_fold_only,FALSE,run_fold_only,,run_fold_only,,run_fold_only,,run_fold_only,,run_fold_only,,run_fold_only,,run_fold_only,
skip_fold,FALSE,skip_fold,,skip_fold,,skip_fold,,skip_fold,,skip_fold,,skip_fold,,skip_fold,
skip_fold_seq,FALSE,skip_fold_seq,,skip_fold_seq,,skip_fold_seq,,skip_fold_seq,,skip_fold_seq,,skip_fold_seq,,skip_fold_seq,
skip_fold_seq_pred,FALSE,skip_fold_seq_pred,,skip_fold_seq_pred,,skip_fold_seq_pred,,skip_fold_seq_pred,,skip_fold_seq_pred,,skip_fold_seq_pred,,skip_fold_seq_pred,
skip_input_dir,null,skip_input_dir,,skip_input_dir,,skip_input_dir,,skip_input_dir,,skip_input_dir,,skip_input_dir,,skip_input_dir,
bc_chains,null,,,,,,,,,bc_chains,,,,,
bc_design_protocol,default,,,,,,,,,bc_design_protocol,default,,,,
bc_template_protocol,default,,,,,,,,,bc_template_protocol,default,,,,
bc_omit_AAs,C,,,,,,,,,bc_omit_AAs,C,,,,
bc_fix_interface_residues,TRUE,,,,,,,,,bc_fix_interface_residues,TRUE,,,,
bc_advanced_json,null,,,,,,,,,bc_advanced_json,null,,,,
bg_not_binding_residues,null,,,,,,,,,,,bg_not_binding_residues,,bg_not_binding_residues,
bg_redesign_spec,null,,,,,,,,,,,,,bg_redesign_spec,
bg_redesign_inpaint_seq,null,,,,,,,,,,,,,bg_redesign_inpaint_seq,
bg_flexible_residues,null,,,,,,,,,,,bg_flexible_residues,,bg_flexible_residues,
rfd_ckpt_override,null,rfd_ckpt_override,,rfd_ckpt_override,,rfd_ckpt_override,complex_base,rfd_ckpt_override,,,,,,,
rfd_noise_scale,null,rfd_noise_scale,,rfd_noise_scale,,rfd_noise_scale,,rfd_noise_scale,,,,,,,
rfd_extra_config,null,rfd_extra_config,,rfd_extra_config,,rfd_extra_config,,rfd_extra_config,,,,,,,
mpnn_omitAAs,CX,mpnn_omitAAs,,mpnn_omitAAs,,mpnn_omitAAs,,mpnn_omitAAs,,mpnn_omitAAs,,mpnn_omitAAs,,mpnn_omitAAs,
mpnn_temperature,0.1,mpnn_temperature,,mpnn_temperature,,mpnn_temperature,,mpnn_temperature,,mpnn_temperature,,mpnn_temperature,,mpnn_temperature,
mpnn_checkpoint_type,'soluble',mpnn_checkpoint_type,,mpnn_checkpoint_type,,mpnn_checkpoint_type,,mpnn_checkpoint_type,,mpnn_checkpoint_type,,mpnn_checkpoint_type,,mpnn_checkpoint_type,
mpnn_checkpoint_model,'v_48_020',mpnn_checkpoint_model,,mpnn_checkpoint_model,,mpnn_checkpoint_model,,mpnn_checkpoint_model,,mpnn_checkpoint_model,,mpnn_checkpoint_model,,mpnn_checkpoint_model,
mpnn_backbone_noise,0,mpnn_backbone_noise,,mpnn_backbone_noise,,mpnn_backbone_noise,,mpnn_backbone_noise,,mpnn_backbone_noise,,mpnn_backbone_noise,,mpnn_backbone_noise,
mpnn_relax_max_cycles,0,mpnn_relax_max_cycles,,mpnn_relax_max_cycles,,mpnn_relax_max_cycles,,mpnn_relax_max_cycles,,mpnn_relax_max_cycles,,mpnn_relax_max_cycles,,mpnn_relax_max_cycles,
mpnn_relax_seqs_per_cycle,1,mpnn_relax_seqs_per_cycle,,mpnn_relax_seqs_per_cycle,,mpnn_relax_seqs_per_cycle,,mpnn_relax_seqs_per_cycle,,mpnn_relax_seqs_per_cycle,,mpnn_relax_seqs_per_cycle,,mpnn_relax_seqs_per_cycle,
mpnn_relax_output,FALSE,mpnn_relax_output,,mpnn_relax_output,,mpnn_relax_output,,mpnn_relax_output,,mpnn_relax_output,,mpnn_relax_output,,mpnn_relax_output,
mpnn_relax_convergence_rmsd,0.2,mpnn_relax_convergence_rmsd,,mpnn_relax_convergence_rmsd,,mpnn_relax_convergence_rmsd,,mpnn_relax_convergence_rmsd,,mpnn_relax_convergence_rmsd,,mpnn_relax_convergence_rmsd,,mpnn_relax_convergence_rmsd,
mpnn_relax_convergence_score,0.1,mpnn_relax_convergence_score,,mpnn_relax_convergence_score,,mpnn_relax_convergence_score,,mpnn_relax_convergence_score,,mpnn_relax_convergence_score,,mpnn_relax_convergence_score,,mpnn_relax_convergence_score,
mpnn_relax_convergence_max_cycles,1,mpnn_relax_convergence_max_cycles,,mpnn_relax_convergence_max_cycles,,mpnn_relax_convergence_max_cycles,,mpnn_relax_convergence_max_cycles,,mpnn_relax_convergence_max_cycles,,mpnn_relax_convergence_max_cycles,,mpnn_relax_convergence_max_cycles,
mpnn_extra_config,null,mpnn_extra_config,,mpnn_extra_config,,mpnn_extra_config,,mpnn_extra_config,,mpnn_extra_config,,mpnn_extra_config,,mpnn_extra_config,
fampnn_fix_target_sidechains,FALSE,fampnn_fix_target_sidechains,,fampnn_fix_target_sidechains,,fampnn_fix_target_sidechains,,fampnn_fix_target_sidechains,,fampnn_fix_target_sidechains,,fampnn_fix_target_sidechains,,fampnn_fix_target_sidechains,
fampnn_psce_threshold,0.3,fampnn_psce_threshold,,fampnn_psce_threshold,,fampnn_psce_threshold,,fampnn_psce_threshold,,fampnn_psce_threshold,,fampnn_psce_threshold,,fampnn_psce_threshold,
fampnn_temperature,0.1,fampnn_temperature,,fampnn_temperature,,fampnn_temperature,,fampnn_temperature,,fampnn_temperature,,fampnn_temperature,,fampnn_temperature,
fampnn_max_psce,10,fampnn_max_psce,,fampnn_max_psce,,fampnn_max_psce,,fampnn_max_psce,,fampnn_max_psce,,fampnn_max_psce,,fampnn_max_psce,
fampnn_exclude_cys,TRUE,fampnn_exclude_cys,,fampnn_exclude_cys,,fampnn_exclude_cys,,fampnn_exclude_cys,,fampnn_exclude_cys,,fampnn_exclude_cys,,fampnn_exclude_cys,
fampnn_extra_config,null,fampnn_extra_config,,fampnn_extra_config,,fampnn_extra_config,,fampnn_extra_config,,fampnn_extra_config,,fampnn_extra_config,,fampnn_extra_config,
uncropped_target_pdb,null,uncropped_target_pdb,,uncropped_target_pdb,,uncropped_target_pdb,,uncropped_target_pdb,,uncropped_target_pdb,,uncropped_target_pdb,,uncropped_target_pdb,
af2_initial_guess,null,af2_initial_guess,,af2_initial_guess,,af2_initial_guess,,af2_initial_guess,,af2_initial_guess,,af2_initial_guess,,af2_initial_guess,
af2_extra_config,null,af2_extra_config,,af2_extra_config,,af2_extra_config,,af2_extra_config,,af2_extra_config,,af2_extra_config,,af2_extra_config,
boltz_recycling_steps,3,boltz_recycling_steps,,boltz_recycling_steps,,boltz_recycling_steps,,boltz_recycling_steps,,boltz_recycling_steps,,boltz_recycling_steps,,boltz_recycling_steps,
boltz_diffusion_samples,1,boltz_diffusion_samples,,boltz_diffusion_samples,,boltz_diffusion_samples,,boltz_diffusion_samples,,boltz_diffusion_samples,,boltz_diffusion_samples,,boltz_diffusion_samples,
boltz_sampling_steps,50,boltz_sampling_steps,,boltz_sampling_steps,,boltz_sampling_steps,,boltz_sampling_steps,,boltz_sampling_steps,,boltz_sampling_steps,,boltz_sampling_steps,
boltz_use_potentials,FALSE,boltz_use_potentials,,boltz_use_potentials,,boltz_use_potentials,,boltz_use_potentials,,boltz_use_potentials,,boltz_use_potentials,,boltz_use_potentials,
boltz_use_templates,TRUE,boltz_use_templates,,boltz_use_templates,,boltz_use_templates,,boltz_use_templates,,boltz_use_templates,,boltz_use_templates,,boltz_use_templates,
boltz_template_force,FALSE,boltz_template_force,,boltz_template_force,,boltz_template_force,,boltz_template_force,,boltz_template_force,,boltz_template_force,,boltz_template_force,
boltz_template_threshold,null,boltz_template_threshold,,boltz_template_threshold,,boltz_template_threshold,,boltz_template_threshold,,boltz_template_threshold,,boltz_template_threshold,,boltz_template_threshold,
boltz_input_msa,null,boltz_input_msa,,boltz_input_msa,,boltz_input_msa,,boltz_input_msa,,boltz_input_msa,,boltz_input_msa,,boltz_input_msa,
boltz_extra_config,null,boltz_extra_config,,boltz_extra_config,,boltz_extra_config,,boltz_extra_config,,boltz_extra_config,,boltz_extra_config,,boltz_extra_config,
fold_min_helices,null,fold_min_helices,,fold_min_helices,,fold_min_helices,,fold_min_helices,,fold_min_helices,,fold_min_helices,,fold_min_helices,
fold_max_helices,null,fold_max_helices,,fold_max_helices,,fold_max_helices,,fold_max_helices,,fold_max_helices,,fold_max_helices,,fold_max_helices,
fold_min_strands,null,fold_min_strands,,fold_min_strands,,fold_min_strands,,fold_min_strands,,fold_min_strands,,fold_min_strands,,fold_min_strands,
fold_max_strands,null,fold_max_strands,,fold_max_strands,,fold_max_strands,,fold_max_strands,,fold_max_strands,,fold_max_strands,,fold_max_strands,
fold_min_ss,null,fold_min_ss,,fold_min_ss,,fold_min_ss,,fold_min_ss,,fold_min_ss,,fold_min_ss,,fold_min_ss,
fold_max_ss,null,fold_max_ss,,fold_max_ss,,fold_max_ss,,fold_max_ss,,fold_max_ss,,fold_max_ss,,fold_max_ss,
fold_min_rog,null,fold_min_rog,,fold_min_rog,,fold_min_rog,,fold_min_rog,,fold_min_rog,,fold_min_rog,,fold_min_rog,
fold_max_rog,null,fold_max_rog,,fold_max_rog,,fold_max_rog,,fold_max_rog,,fold_max_rog,,fold_max_rog,,fold_max_rog,
mpnn_max_score,null,mpnn_max_score,,mpnn_max_score,,mpnn_max_score,,mpnn_max_score,,mpnn_max_score,,mpnn_max_score,,mpnn_max_score,
fampnn_max_psce,null,fampnn_max_psce,,fampnn_max_psce,,fampnn_max_psce,,fampnn_max_psce,,fampnn_max_psce,,fampnn_max_psce,,fampnn_max_psce,
af2_max_pae_interaction,null,af2_max_pae_interaction,,af2_max_pae_interaction,,af2_max_pae_interaction,,af2_max_pae_interaction,,af2_max_pae_interaction,,af2_max_pae_interaction,,af2_max_pae_interaction,
af2_max_pae_overall,null,af2_max_pae_overall,,af2_max_pae_overall,,af2_max_pae_overall,,af2_max_pae_overall,,af2_max_pae_overall,,af2_max_pae_overall,,af2_max_pae_overall,
af2_max_pae_binder,null,af2_max_pae_binder,,af2_max_pae_binder,,af2_max_pae_binder,,af2_max_pae_binder,,af2_max_pae_binder,,af2_max_pae_binder,,af2_max_pae_binder,
af2_max_pae_target,null,af2_max_pae_target,,af2_max_pae_target,,af2_max_pae_target,,af2_max_pae_target,,af2_max_pae_target,,af2_max_pae_target,,af2_max_pae_target,
af2_min_plddt_overall,null,af2_min_plddt_overall,,af2_min_plddt_overall,,af2_min_plddt_overall,,af2_min_plddt_overall,,af2_min_plddt_overall,,af2_min_plddt_overall,,af2_min_plddt_overall,
af2_min_plddt_binder,null,af2_min_plddt_binder,,af2_min_plddt_binder,,af2_min_plddt_binder,,af2_min_plddt_binder,,af2_min_plddt_binder,,af2_min_plddt_binder,,af2_min_plddt_binder,
af2_min_plddt_target,null,af2_min_plddt_target,,af2_min_plddt_target,,af2_min_plddt_target,,af2_min_plddt_target,,af2_min_plddt_target,,af2_min_plddt_target,,af2_min_plddt_target,
af2_max_rmsd_overall,null,af2_max_rmsd_overall,,af2_max_rmsd_overall,,af2_max_rmsd_overall,,af2_max_rmsd_overall,,af2_max_rmsd_overall,,af2_max_rmsd_overall,,af2_max_rmsd_overall,
af2_max_rmsd_binder_bndaln,null,af2_max_rmsd_binder_bndaln,,af2_max_rmsd_binder_bndaln,,af2_max_rmsd_binder_bndaln,,af2_max_rmsd_binder_bndaln,,af2_max_rmsd_binder_bndaln,,af2_max_rmsd_binder_bndaln,,af2_max_rmsd_binder_bndaln,
af2_max_rmsd_binder_tgtaln,null,af2_max_rmsd_binder_tgtaln,,af2_max_rmsd_binder_tgtaln,,af2_max_rmsd_binder_tgtaln,,af2_max_rmsd_binder_tgtaln,,af2_max_rmsd_binder_tgtaln,,af2_max_rmsd_binder_tgtaln,,af2_max_rmsd_binder_tgtaln,
af2_max_rmsd_target,null,af2_max_rmsd_target,,af2_max_rmsd_target,,af2_max_rmsd_target,,af2_max_rmsd_target,,af2_max_rmsd_target,,af2_max_rmsd_target,,af2_max_rmsd_target,
boltz_max_rmsd_overall,null,boltz_max_rmsd_overall,,boltz_max_rmsd_overall,,boltz_max_rmsd_overall,,boltz_max_rmsd_overall,,boltz_max_rmsd_overall,,boltz_max_rmsd_overall,,boltz_max_rmsd_overall,
boltz_max_rmsd_binder,null,boltz_max_rmsd_binder,,boltz_max_rmsd_binder,,boltz_max_rmsd_binder,,boltz_max_rmsd_binder,,boltz_max_rmsd_binder,,boltz_max_rmsd_binder,,boltz_max_rmsd_binder,
boltz_max_rmsd_target,null,boltz_max_rmsd_target,,boltz_max_rmsd_target,,boltz_max_rmsd_target,,boltz_max_rmsd_target,,boltz_max_rmsd_target,,boltz_max_rmsd_target,,boltz_max_rmsd_target,
boltz_min_conf_score,null,boltz_min_conf_score,,boltz_min_conf_score,,boltz_min_conf_score,,boltz_min_conf_score,,boltz_min_conf_score,,boltz_min_conf_score,,boltz_min_conf_score,
boltz_min_ptm,null,boltz_min_ptm,,boltz_min_ptm,,boltz_min_ptm,,boltz_min_ptm,,boltz_min_ptm,,boltz_min_ptm,,boltz_min_ptm,
boltz_min_ptm_binder,null,boltz_min_ptm_binder,,boltz_min_ptm_binder,,boltz_min_ptm_binder,,boltz_min_ptm_binder,,boltz_min_ptm_binder,,boltz_min_ptm_binder,,boltz_min_ptm_binder,
boltz_min_ptm_target,null,boltz_min_ptm_target,,boltz_min_ptm_target,,boltz_min_ptm_target,,boltz_min_ptm_target,,boltz_min_ptm_target,,boltz_min_ptm_target,,boltz_min_ptm_target,
boltz_min_ptm_interface,null,boltz_min_ptm_interface,,boltz_min_ptm_interface,,boltz_min_ptm_interface,,boltz_min_ptm_interface,,boltz_min_ptm_interface,,boltz_min_ptm_interface,,boltz_min_ptm_interface,
boltz_min_plddt,null,boltz_min_plddt,,boltz_min_plddt,,boltz_min_plddt,,boltz_min_plddt,,boltz_min_plddt,,boltz_min_plddt,,boltz_min_plddt,
boltz_min_plddt_interface,null,boltz_min_plddt_interface,,boltz_min_plddt_interface,,boltz_min_plddt_interface,,boltz_min_plddt_interface,,boltz_min_plddt_interface,,boltz_min_plddt_interface,,boltz_min_plddt_interface,
boltz_max_pde,null,boltz_max_pde,,boltz_max_pde,,boltz_max_pde,,boltz_max_pde,,boltz_max_pde,,boltz_max_pde,,boltz_max_pde,
boltz_max_pde_interface,null,boltz_max_pde_interface,,boltz_max_pde_interface,,boltz_max_pde_interface,,boltz_max_pde_interface,,boltz_max_pde_interface,,boltz_max_pde_interface,,boltz_max_pde_interface,
boltz_min_ipSAE_min,null,boltz_min_ipSAE_min,,boltz_min_ipSAE_min,,boltz_min_ipSAE_min,,boltz_min_ipSAE_min,,boltz_min_ipSAE_min,,boltz_min_ipSAE_min,,boltz_min_ipSAE_min,
boltz_min_LIS,null,boltz_min_LIS,,boltz_min_LIS,,boltz_min_LIS,,boltz_min_LIS,,boltz_min_LIS,,boltz_min_LIS,,boltz_min_LIS,
boltz_min_pDockQ2_min,null,boltz_min_pDockQ2_min,,boltz_min_pDockQ2_min,,boltz_min_pDockQ2_min,,boltz_min_pDockQ2_min,,boltz_min_pDockQ2_min,,boltz_min_pDockQ2_min,,boltz_min_pDockQ2_min,
boltz_max_pae_interaction,null,boltz_max_pae_interaction,,boltz_max_pae_interaction,,boltz_max_pae_interaction,,boltz_max_pae_interaction,,boltz_max_pae_interaction,,boltz_max_pae_interaction,,boltz_max_pae_interaction,
pr_min_helices,null,pr_min_helices,,pr_min_helices,,pr_min_helices,,pr_min_helices,,pr_min_helices,,pr_min_helices,,pr_min_helices,
pr_max_helices,null,pr_max_helices,,pr_max_helices,,pr_max_helices,,pr_max_helices,,pr_max_helices,,pr_max_helices,,pr_max_helices,
pr_min_strands,null,pr_min_strands,,pr_min_strands,,pr_min_strands,,pr_min_strands,,pr_min_strands,,pr_min_strands,,pr_min_strands,
pr_max_strands,null,pr_max_strands,,pr_max_strands,,pr_max_strands,,pr_max_strands,,pr_max_strands,,pr_max_strands,,pr_max_strands,
pr_min_total_ss,null,pr_min_total_ss,,pr_min_total_ss,,pr_min_total_ss,,pr_min_total_ss,,pr_min_total_ss,,pr_min_total_ss,,pr_min_total_ss,
pr_max_total_ss,null,pr_max_total_ss,,pr_max_total_ss,,pr_max_total_ss,,pr_max_total_ss,,pr_max_total_ss,,pr_max_total_ss,,pr_max_total_ss,
pr_min_rog,null,pr_min_rog,,pr_min_rog,,pr_min_rog,,pr_min_rog,,pr_min_rog,,pr_min_rog,,pr_min_rog,
pr_max_rog,null,pr_max_rog,,pr_max_rog,,pr_max_rog,,pr_max_rog,,pr_max_rog,,pr_max_rog,,pr_max_rog,
pr_min_intface_bsa,null,pr_min_intface_bsa,,pr_min_intface_bsa,,pr_min_intface_bsa,,pr_min_intface_bsa,,pr_min_intface_bsa,,pr_min_intface_bsa,,pr_min_intface_bsa,
pr_min_intface_shpcomp,null,pr_min_intface_shpcomp,,pr_min_intface_shpcomp,,pr_min_intface_shpcomp,,pr_min_intface_shpcomp,,pr_min_intface_shpcomp,,pr_min_intface_shpcomp,,pr_min_intface_shpcomp,
pr_min_intface_hbonds,null,pr_min_intface_hbonds,,pr_min_intface_hbonds,,pr_min_intface_hbonds,,pr_min_intface_hbonds,,pr_min_intface_hbonds,,pr_min_intface_hbonds,,pr_min_intface_hbonds,
pr_max_intface_unsat_hbonds,null,pr_max_intface_unsat_hbonds,,pr_max_intface_unsat_hbonds,,pr_max_intface_unsat_hbonds,,pr_max_intface_unsat_hbonds,,pr_max_intface_unsat_hbonds,,pr_max_intface_unsat_hbonds,,pr_max_intface_unsat_hbonds,
pr_max_intface_deltag,null,pr_max_intface_deltag,,pr_max_intface_deltag,,pr_max_intface_deltag,,pr_max_intface_deltag,,pr_max_intface_deltag,,pr_max_intface_deltag,,pr_max_intface_deltag,
pr_max_intface_deltagtobsa,null,pr_max_intface_deltagtobsa,,pr_max_intface_deltagtobsa,,pr_max_intface_deltagtobsa,,pr_max_intface_deltagtobsa,,pr_max_intface_deltagtobsa,,pr_max_intface_deltagtobsa,,pr_max_intface_deltagtobsa,
pr_max_surfhphobics,null,pr_max_surfhphobics,,pr_max_surfhphobics,,pr_max_surfhphobics,,pr_max_surfhphobics,,pr_max_surfhphobics,,pr_max_surfhphobics,,pr_max_surfhphobics,
seq_min_ext_coef,null,seq_min_ext_coef,,seq_min_ext_coef,,seq_min_ext_coef,,seq_min_ext_coef,,seq_min_ext_coef,,seq_min_ext_coef,,seq_min_ext_coef,
seq_max_ext_coef,null,seq_max_ext_coef,,seq_max_ext_coef,,seq_max_ext_coef,,seq_max_ext_coef,,seq_max_ext_coef,,seq_max_ext_coef,,seq_max_ext_coef,
seq_min_pi,null,seq_min_pi,,seq_min_pi,,seq_min_pi,,seq_min_pi,,seq_min_pi,,seq_min_pi,,seq_min_pi,
seq_max_pi,null,seq_max_pi,,seq_max_pi,,seq_max_pi,,seq_max_pi,,seq_max_pi,,seq_max_pi,,seq_max_pi,
rfd_models,null,rfd_models,,rfd_models,,rfd_models,,rfd_models,,rfd_models,,rfd_models,,rfd_models,
af2_models,null,af2_models,,af2_models,,af2_models,,af2_models,,af2_models,,af2_models,,af2_models,
boltz_models,null,boltz_models,,boltz_models,,boltz_models,,boltz_models,,boltz_models,,boltz_models,,boltz_models,
af2_jax_compilation_cache_dir,null,af2_jax_compilation_cache_dir,,af2_jax_compilation_cache_dir,,af2_jax_compilation_cache_dir,,af2_jax_compilation_cache_dir,,af2_jax_compilation_cache_dir,,,,,
gpu_model,null,gpu_model,,gpu_model,,gpu_model,,gpu_model,,gpu_model,,gpu_model,,gpu_model,
gpu_queue,null,gpu_queue,,gpu_queue,,gpu_queue,,gpu_queue,,gpu_queue,,gpu_queue,,gpu_queue,
gpus,4,gpus,,gpus,,gpus,,gpus,,gpus,,gpus,,gpus,
cpus_per_gpu,null,cpus_per_gpu,,cpus_per_gpu,,cpus_per_gpu,,cpus_per_gpu,,cpus_per_gpu,,cpus_per_gpu,,cpus_per_gpu,
cpus,24,cpus,,cpus,,cpus,,cpus,,cpus,,cpus,,cpus,
memory_gpu,null,memory_gpu,,memory_gpu,,memory_gpu,,memory_gpu,,memory_gpu,,memory_gpu,,memory_gpu,
memory_cpu,24GB,memory_cpu,,memory_cpu,,memory_cpu,,memory_cpu,,memory_cpu,,memory_cpu,,memory_cpu,
